expected_feasible,sat_feasible,n_forced_out,or_status,or_obj,or_ms,pu_status,pu_obj,pu_ms,or_found_solution,pu_found_solution,solvers_agree,tightness,n_players_each,seed
True,True,1,INFEASIBLE,0.0,15.990792016964406,Infeasible,0.0,675.7481250097044,False,False,False,0.0,4,1000
True,True,2,OPTIMAL,6.238,12.548041995614767,Optimal,6.237735641614888,39.86037499271333,True,True,True,0.0,4,1001
True,True,1,OPTIMAL,26.559,4.944999993313104,Optimal,26.55890817153,40.94204198918305,True,True,True,0.0,4,1002
True,True,1,OPTIMAL,17.655,5.265167012112215,Optimal,17.653949357511983,31.449625006644055,True,True,True,0.0,4,1003
True,True,0,INFEASIBLE,0.0,0.5956249951850623,Infeasible,0.0,31.68908299994655,False,False,False,0.0,4,1004
True,True,0,OPTIMAL,16.362,4.6185830142349005,Optimal,16.36252041606693,29.560916998889297,True,True,True,0.0,4,1005
True,True,0,INFEASIBLE,0.0,0.30362498364411294,Infeasible,0.0,21.644166990881786,False,False,False,0.0,4,1006
True,True,0,INFEASIBLE,0.0,0.542583002243191,Infeasible,0.0,21.007000003010035,False,False,False,0.0,4,1007
True,True,1,OPTIMAL,12.568,3.5057089990004897,Optimal,12.569085219116275,25.14383298694156,True,True,True,0.0,4,1008
True,True,2,OPTIMAL,22.147,3.156958002364263,Optimal,22.147182548503807,27.813791995868087,True,True,True,0.0,4,1009
True,True,0,OPTIMAL,17.417,3.9917499816510826,Optimal,17.417073481796287,24.069958977634087,True,True,True,0.0,4,1010
True,True,1,INFEASIBLE,0.0,0.5725829978473485,Infeasible,0.0,20.910541992634535,False,False,False,0.0,4,1011
True,True,0,OPTIMAL,14.435,3.6222499911673367,Optimal,14.435540277625396,25.177458999678493,True,True,True,0.0,4,1012
True,True,0,INFEASIBLE,0.0,0.5990000208839774,Infeasible,0.0,20.083250012248755,False,False,False,0.0,4,1013
True,True,1,OPTIMAL,22.219,3.647583012934774,Optimal,22.21815933148318,23.873458005255088,True,True,True,0.0,4,1014
True,True,1,OPTIMAL,15.568,3.5634169762488455,Optimal,15.567607865079351,28.560749982716516,True,True,True,0.0,4,1015
True,True,0,OPTIMAL,20.863,4.14024997735396,Optimal,20.864620159205444,27.707166998879984,True,True,True,0.0,4,1016
True,True,0,INFEASIBLE,0.0,0.8487500017508864,Infeasible,0.0,21.33350001531653,False,False,False,0.0,4,1017
True,True,0,INFEASIBLE,0.0,0.5574999959208071,Infeasible,0.0,20.038916991325095,False,False,False,0.0,4,1018
True,True,0,INFEASIBLE,0.0,1.010165986372158,Infeasible,0.0,20.666333002736792,False,False,False,0.0,4,1019
True,True,1,OPTIMAL,20.832,3.7609999999403954,Optimal,20.832902046349247,24.888249987270683,True,True,True,0.0,4,1020
True,True,1,INFEASIBLE,0.0,0.897624995559454,Infeasible,0.0,23.633040982531384,False,False,False,0.0,4,1021
True,True,1,INFEASIBLE,0.0,0.5033329944126308,Infeasible,0.0,21.397166012320668,False,False,False,0.0,4,1022
True,True,0,OPTIMAL,10.363,3.8867499970365316,Optimal,10.363305868034779,28.042208985425532,True,True,True,0.0,4,1023
True,True,0,INFEASIBLE,0.0,1.7145000165328383,Infeasible,0.0,21.404166996944696,False,False,False,0.0,4,1024
True,True,1,OPTIMAL,23.501,3.85504198493436,Optimal,23.50109977943252,29.37524998560548,True,True,True,0.0,4,1025
True,True,0,OPTIMAL,15.983,3.8268750067800283,Optimal,15.983594470451923,27.51141699263826,True,True,True,0.0,4,1026
True,True,0,INFEASIBLE,0.0,0.9314170165453106,Infeasible,0.0,23.51320901652798,False,False,False,0.0,4,1027
True,True,0,OPTIMAL,23.493,4.264375020284206,Optimal,23.492219525443335,27.131874987389892,True,True,True,0.0,4,1028
True,True,0,INFEASIBLE,0.0,0.5568749911617488,Infeasible,0.0,22.03258400550112,False,False,False,0.0,4,1029
True,True,3,OPTIMAL,3.762,2.5240000104531646,Optimal,3.7621961619258406,23.32587499404326,True,True,True,0.0,4,1030
True,True,1,OPTIMAL,25.156,3.2397079921793193,Optimal,25.15590958789864,25.700250000227243,True,True,True,0.0,4,1031
True,True,0,OPTIMAL,5.301,4.120124998735264,Optimal,5.300782957048191,25.627958006225526,True,True,True,0.0,4,1032
True,True,0,OPTIMAL,14.671,4.064667009515688,Optimal,14.669902532856312,26.026166015071794,True,True,True,0.0,4,1033
True,True,2,OPTIMAL,12.437,3.0478340049739927,Optimal,12.436732139656986,21.97145897662267,True,True,True,0.0,4,1034
True,True,1,OPTIMAL,12.803,3.2962920085992664,Optimal,12.803246520717323,22.7719169924967,True,True,True,0.0,4,1035
True,True,0,OPTIMAL,24.431,4.091291018994525,Optimal,24.431440757635027,21.375083015300333,True,True,True,0.0,4,1036
True,True,0,OPTIMAL,24.838,3.89429199276492,Optimal,24.837961679306748,22.760459018172696,True,True,True,0.0,4,1037
True,True,1,INFEASIBLE,0.0,1.6174999764189124,Infeasible,0.0,20.21891699405387,False,False,False,0.0,4,1038
True,True,0,OPTIMAL,27.597,4.495000001043081,Optimal,27.59699407194856,25.62004199717194,True,True,True,0.0,4,1039
True,True,1,INFEASIBLE,0.0,0.27387498994357884,Infeasible,0.0,22.495499986689538,False,False,False,0.0,4,1040
True,True,0,OPTIMAL,10.054,3.770084003917873,Optimal,10.053528078115924,27.009999990696087,True,True,True,0.0,4,1041
True,True,1,INFEASIBLE,0.0,0.5480420077219605,Infeasible,0.0,20.68904199404642,False,False,False,0.0,4,1042
True,True,1,OPTIMAL,10.627,3.9160000160336494,Optimal,10.626961658622315,23.394624993670732,True,True,True,0.0,4,1043
True,True,0,INFEASIBLE,0.0,0.890374998562038,Infeasible,0.0,26.993167004548013,False,False,False,0.0,4,1044
True,True,0,INFEASIBLE,0.0,0.3007920167874545,Infeasible,0.0,21.019417006755248,False,False,False,0.0,4,1045
True,True,0,OPTIMAL,11.879,4.171084001427516,Optimal,11.878332935619351,24.099458009004593,True,True,True,0.0,4,1046
True,True,1,INFEASIBLE,0.0,0.19470800179988146,Infeasible,0.0,19.944791012676433,False,False,False,0.0,4,1047
True,True,0,OPTIMAL,21.216,3.4818330022972077,Optimal,21.21576844151784,21.73958401544951,True,True,True,0.0,4,1048
True,True,2,OPTIMAL,19.313,3.496999997878447,Optimal,19.313438221513827,25.5657079978846,True,True,True,0.0,4,1049
True,True,0,OPTIMAL,5.528,4.137417010497302,Optimal,5.528441543203855,25.050041993381456,True,True,True,0.1,4,11000
True,True,1,OPTIMAL,19.757,3.3561250020284206,Optimal,19.758935478119984,24.088958016363904,True,True,True,0.1,4,11001
True,True,1,OPTIMAL,10.611,3.397541993763298,Optimal,10.611221113295858,21.690624998882413,True,True,True,0.1,4,11002
True,True,1,OPTIMAL,24.717,3.9450000040233135,Optimal,24.716993860787014,26.28349998849444,True,True,True,0.1,4,11003
True,True,1,OPTIMAL,14.18,3.509166999720037,Optimal,14.180741818713056,23.526000004494563,True,True,True,0.1,4,11004
True,True,1,INFEASIBLE,0.0,0.4149579908698797,Infeasible,0.0,20.56970799458213,False,False,False,0.1,4,11005
True,True,1,OPTIMAL,10.326,4.235750006046146,Optimal,10.325695467065046,27.13995799422264,True,True,True,0.1,4,11006
True,True,1,OPTIMAL,11.251,2.8063749778084457,Optimal,11.25101061874007,23.58379098586738,True,True,True,0.1,4,11007
True,True,0,INFEASIBLE,0.0,3.5993749916087836,Infeasible,0.0,21.597208018647507,False,False,False,0.1,4,11008
True,True,1,INFEASIBLE,0.0,0.2899169921875,Infeasible,0.0,19.965209008660167,False,False,False,0.1,4,11009
True,True,0,OPTIMAL,12.893,3.7122920039109886,Optimal,12.89276381858781,23.5152080131229,True,True,True,0.1,4,11010
True,True,0,INFEASIBLE,0.0,0.820874993223697,Infeasible,0.0,20.383540977491066,False,False,False,0.1,4,11011
True,True,1,INFEASIBLE,0.0,1.5315420168917626,Infeasible,0.0,20.991375000448897,False,False,False,0.1,4,11012
True,True,0,INFEASIBLE,0.0,0.5822079838253558,Infeasible,0.0,19.54700000351295,False,False,False,0.1,4,11013
True,True,2,OPTIMAL,19.107,3.8747499929741025,Optimal,19.108088961209205,22.25404098862782,True,True,True,0.1,4,11014
True,True,1,OPTIMAL,26.891,3.3703749941196293,Optimal,26.890238750999004,24.74600001005456,True,True,True,0.1,4,11015
True,True,2,OPTIMAL,16.0,2.9487080173566937,Optimal,15.999657585343106,22.148916992591694,True,True,True,0.1,4,11016
True,True,0,OPTIMAL,6.72,3.882291988702491,Optimal,6.720044446652393,26.166416995692998,True,True,True,0.1,4,11017
True,True,1,INFEASIBLE,0.0,0.7809160160832107,Infeasible,0.0,21.541708993026987,False,False,False,0.1,4,11018
True,True,2,INFEASIBLE,0.0,0.15954201808199286,Infeasible,0.0,20.273250003810972,False,False,False,0.1,4,11019
True,True,2,INFEASIBLE,0.0,0.24183301138691604,Infeasible,0.0,20.73020802345127,False,False,False,0.1,4,11020
True,True,0,INFEASIBLE,0.0,0.2779580245260149,Infeasible,0.0,20.691042009275407,False,False,False,0.1,4,11021
True,True,2,OPTIMAL,9.481,3.4314589865971357,Optimal,9.480735859211283,23.742624995065853,True,True,True,0.1,4,11022
True,True,0,OPTIMAL,42.17,3.586916980566457,Optimal,42.17035868318674,23.564041999634355,True,True,True,0.1,4,11023
True,True,0,INFEASIBLE,0.0,0.5821250088047236,Infeasible,0.0,20.569832995533943,False,False,False,0.1,4,11024
True,True,1,INFEASIBLE,0.0,0.7569589943159372,Infeasible,0.0,21.826750016771257,False,False,False,0.1,4,11025
True,True,1,INFEASIBLE,0.0,0.5196249985601753,Infeasible,0.0,22.146792005514726,False,False,False,0.1,4,11026
True,True,0,OPTIMAL,14.416,4.453000001376495,Optimal,14.415926041076403,26.39524999540299,True,True,True,0.1,4,11027
True,True,0,OPTIMAL,6.776,3.9622080221306533,Optimal,6.775741840521943,23.221832991112024,True,True,True,0.1,4,11028
True,True,1,INFEASIBLE,0.0,0.27474999660626054,Infeasible,0.0,21.724083984736353,False,False,False,0.1,4,11029
True,True,2,INFEASIBLE,0.0,0.39929201011545956,Infeasible,0.0,20.386749994941056,False,False,False,0.1,4,11030
True,True,1,INFEASIBLE,0.0,0.28124998789280653,Infeasible,0.0,20.430166012374684,False,False,False,0.1,4,11031
True,True,0,OPTIMAL,7.905,3.959749999921769,Optimal,7.904710723722321,26.237209007376805,True,True,True,0.1,4,11032
True,True,0,OPTIMAL,17.938,4.204875003779307,Optimal,17.93809092544641,22.785040986491367,True,True,True,0.1,4,11033
True,True,4,OPTIMAL,11.557,2.5331669894512743,Optimal,11.55655688032195,21.731084008933976,True,True,True,0.1,4,11034
True,True,1,INFEASIBLE,0.0,0.2077499812003225,Infeasible,0.0,19.943582999985665,False,False,False,0.1,4,11035
True,True,1,INFEASIBLE,0.0,0.46712500625289977,Infeasible,0.0,21.02941702469252,False,False,False,0.1,4,11036
True,True,0,INFEASIBLE,0.0,0.5337090115062892,Infeasible,0.0,20.049416983965784,False,False,False,0.1,4,11037
True,True,1,INFEASIBLE,0.0,3.7939999892842025,Infeasible,0.0,20.514249976258725,False,False,False,0.1,4,11038
True,True,0,OPTIMAL,4.675,3.8959159865044057,Optimal,4.675037770848285,25.795791996642947,True,True,True,0.1,4,11039
True,True,0,OPTIMAL,14.518,3.494500007946044,Optimal,14.518438064232711,25.43891701498069,True,True,True,0.1,4,11040
True,True,1,INFEASIBLE,0.0,0.46120898332446814,Infeasible,0.0,23.43041601125151,False,False,False,0.1,4,11041
True,True,1,OPTIMAL,22.272,3.384207986528054,Optimal,22.27210025921902,23.99375001550652,True,True,True,0.1,4,11042
True,True,1,INFEASIBLE,0.0,0.526666990481317,Infeasible,0.0,21.733833011239767,False,False,False,0.1,4,11043
True,True,3,INFEASIBLE,0.0,0.36966698826290667,Infeasible,0.0,23.225833981996402,False,False,False,0.1,4,11044
True,True,1,OPTIMAL,26.351,3.7010420055594295,Optimal,26.350276700606805,23.13549999962561,True,True,True,0.1,4,11045
True,True,2,INFEASIBLE,0.0,0.40266700671054423,Infeasible,0.0,21.290125005180016,False,False,False,0.1,4,11046
True,True,1,OPTIMAL,26.591,3.568791988072917,Optimal,26.59167824335982,23.55666598305106,True,True,True,0.1,4,11047
True,True,1,OPTIMAL,16.62,3.3898330002557486,Optimal,16.619677028815634,22.561124991625547,True,True,True,0.1,4,11048
True,True,0,INFEASIBLE,0.0,0.8066669979598373,Infeasible,0.0,21.82537500630133,False,False,False,0.1,4,11049
True,True,0,INFEASIBLE,0.0,0.5210840026848018,Infeasible,0.0,19.808958983048797,False,False,False,0.2,4,21000
True,True,3,OPTIMAL,7.518,2.4401249829679728,Optimal,7.517588543373418,26.560792000964284,True,True,True,0.2,4,21001
True,True,2,INFEASIBLE,0.0,0.4644170112442225,Infeasible,0.0,29.436875018291175,False,False,False,0.2,4,21002
True,True,2,OPTIMAL,5.436,3.4124999947380275,Optimal,5.4359105239063235,32.57224999833852,True,True,True,0.2,4,21003
True,True,3,OPTIMAL,-13.544,3.995375009253621,Optimal,-13.544486545683814,31.318499997723848,True,True,True,0.2,4,21004
True,True,0,INFEASIBLE,0.0,1.0986669803969562,Infeasible,0.0,28.60416698968038,False,False,False,0.2,4,21005
True,True,0,OPTIMAL,10.688,2.534416998969391,Optimal,10.688510854308582,20.69783300976269,True,True,True,0.2,4,21006
True,True,2,OPTIMAL,11.411,2.4933750100899488,Optimal,11.411679394287317,23.004624992609024,True,True,True,0.2,4,21007
True,True,1,INFEASIBLE,0.0,0.20766700617969036,Infeasible,0.0,19.639458012534305,False,False,False,0.2,4,21008
True,True,1,OPTIMAL,18.212,3.5668339987751096,Optimal,18.213047144307993,21.532082988414913,True,True,True,0.2,4,21009
True,True,2,OPTIMAL,6.456,3.870249987812713,Optimal,6.455688318447297,22.921625000890344,True,True,True,0.2,4,21010
True,True,2,INFEASIBLE,0.0,0.40937497396953404,Infeasible,0.0,20.099790999665856,False,False,False,0.2,4,21011
True,True,2,OPTIMAL,9.675,2.352083014557138,Optimal,9.674707879762515,21.43374999286607,True,True,True,0.2,4,21012
True,True,2,INFEASIBLE,0.0,3.27520800055936,Infeasible,0.0,25.57179200812243,False,False,False,0.2,4,21013
True,True,1,OPTIMAL,14.422,3.50099999923259,Optimal,14.42176588892071,24.40504200058058,True,True,True,0.2,4,21014
True,True,1,INFEASIBLE,0.0,0.9721250098664314,Infeasible,0.0,20.02379100304097,False,False,False,0.2,4,21015
True,True,2,INFEASIBLE,0.0,1.0192919871769845,Infeasible,0.0,23.839292000047863,False,False,False,0.2,4,21016
True,True,5,INFEASIBLE,0.0,0.12612499995157123,Infeasible,0.0,19.59258399438113,False,False,False,0.2,4,21017
True,True,1,OPTIMAL,18.311,3.930541977752,Optimal,18.309903896906896,25.33904099254869,True,True,True,0.2,4,21018
True,True,1,INFEASIBLE,0.0,0.48358397907577455,Infeasible,0.0,22.18420899589546,False,False,False,0.2,4,21019
True,True,2,INFEASIBLE,0.0,0.4425829974934459,Infeasible,0.0,20.58170799864456,False,False,False,0.2,4,21020
True,True,0,OPTIMAL,3.151,4.140291013754904,Optimal,3.151336297187386,26.233957993099466,True,True,True,0.2,4,21021
True,True,2,OPTIMAL,5.022,3.0097920098342,Optimal,5.021811260249632,25.22837501601316,True,True,True,0.2,4,21022
True,True,2,INFEASIBLE,0.0,0.1884580124169588,Infeasible,0.0,19.814583007246256,False,False,False,0.2,4,21023
True,True,1,INFEASIBLE,0.0,1.0520830110181123,Infeasible,0.0,22.329166997224092,False,False,False,0.2,4,21024
True,True,0,INFEASIBLE,0.0,0.599749997491017,Infeasible,0.0,19.78958401014097,False,False,False,0.2,4,21025
True,True,2,OPTIMAL,5.336,3.6098329874221236,Optimal,5.335910766586208,22.82537502469495,True,True,True,0.2,4,21026
True,True,2,INFEASIBLE,0.0,0.1727089984342456,Infeasible,0.0,19.417542003793642,False,False,False,0.2,4,21027
True,True,3,INFEASIBLE,0.0,0.432917004218325,Infeasible,0.0,23.805165983503684,False,False,False,0.2,4,21028
True,True,1,OPTIMAL,13.587,3.3553749963175505,Optimal,13.587292924480035,24.605459009762853,True,True,True,0.2,4,21029
True,True,1,INFEASIBLE,0.0,0.818041997263208,Infeasible,0.0,20.048457983648404,False,False,False,0.2,4,21030
True,True,2,INFEASIBLE,0.0,0.4123339895159006,Infeasible,0.0,21.116791991516948,False,False,False,0.2,4,21031
True,True,2,INFEASIBLE,0.0,0.16404097550548613,Infeasible,0.0,19.389666995266452,False,False,False,0.2,4,21032
True,True,1,INFEASIBLE,0.0,0.49412500811740756,Infeasible,0.0,19.727083010366186,False,False,False,0.2,4,21033
True,True,1,INFEASIBLE,0.0,0.4272499936632812,Infeasible,0.0,20.93170801526867,False,False,False,0.2,4,21034
True,True,0,OPTIMAL,-1.935,3.8328340160660446,Optimal,-1.9353556885366145,28.245249995961785,True,True,True,0.2,4,21035
True,True,2,OPTIMAL,12.859,3.6073329974897206,Optimal,12.859655778383019,24.011667002923787,True,True,True,0.2,4,21036
True,True,2,OPTIMAL,-1.55,2.4787090078461915,Optimal,-1.5500220617614395,21.085416985442862,True,True,True,0.2,4,21037
True,True,1,INFEASIBLE,0.0,0.9204169909935445,Infeasible,0.0,19.665917003294453,False,False,False,0.2,4,21038
True,True,2,OPTIMAL,0.824,2.590790973044932,Optimal,0.823826085686256,21.88329101772979,True,True,True,0.2,4,21039
True,True,2,OPTIMAL,9.428,2.695917006349191,Optimal,9.42761690302098,23.8766249967739,True,True,True,0.2,4,21040
True,True,2,INFEASIBLE,0.0,0.9661249932833016,Infeasible,0.0,21.966000000247732,False,False,False,0.2,4,21041
True,True,1,INFEASIBLE,0.0,0.6333749915938824,Infeasible,0.0,25.80366699839942,False,False,False,0.2,4,21042
True,True,1,OPTIMAL,18.884,3.9914579829201102,Optimal,18.88342129172251,36.378499993588775,True,True,True,0.2,4,21043
True,True,1,OPTIMAL,18.446,3.911582985892892,Optimal,18.44580429040712,33.71341698220931,True,True,True,0.2,4,21044
True,True,1,OPTIMAL,19.692,3.7685410061385483,Optimal,19.691857467693715,23.942208994412795,True,True,True,0.2,4,21045
True,True,1,OPTIMAL,11.708,3.3508750202599913,Optimal,11.70780649828159,25.972833012929186,True,True,True,0.2,4,21046
True,True,1,INFEASIBLE,0.0,0.20795801538042724,Infeasible,0.0,19.94566700886935,False,False,False,0.2,4,21047
True,True,0,INFEASIBLE,0.0,0.5453749909065664,Infeasible,0.0,19.908541988115758,False,False,False,0.2,4,21048
True,True,1,INFEASIBLE,0.0,0.8696249860804528,Infeasible,0.0,20.303958997828886,False,False,False,0.2,4,21049
True,True,2,INFEASIBLE,0.0,0.15537498984485865,Infeasible,0.0,19.677708012750372,False,False,False,0.3,4,31000
True,True,1,INFEASIBLE,0.0,0.4680419806391001,Infeasible,0.0,21.32679201895371,False,False,False,0.3,4,31001
True,True,2,INFEASIBLE,0.0,0.20045798737555742,Infeasible,0.0,19.513208011630923,False,False,False,0.3,4,31002
True,True,2,INFEASIBLE,0.0,0.40883300243876874,Infeasible,0.0,20.021250005811453,False,False,False,0.3,4,31003
True,True,1,OPTIMAL,19.179,3.2956669747363776,Optimal,19.178440819496338,23.43587501673028,True,True,True,0.3,4,31004
True,True,3,OPTIMAL,1.41,2.9671249794773757,Optimal,1.4101569465081443,23.2003330020234,True,True,True,0.3,4,31005
True,True,2,INFEASIBLE,0.0,0.48170899390242994,Infeasible,0.0,20.480417006183416,False,False,False,0.3,4,31006
True,True,3,INFEASIBLE,0.0,0.47470800927840173,Infeasible,0.0,21.591166005237028,False,False,False,0.3,4,31007
True,True,0,INFEASIBLE,0.0,1.4235829876270145,Infeasible,0.0,23.26162499957718,False,False,False,0.3,4,31008
True,True,2,INFEASIBLE,0.0,0.42466598097234964,Infeasible,0.0,20.36754201981239,False,False,False,0.3,4,31009
True,True,2,OPTIMAL,22.776,3.4128330007661134,Optimal,22.775604456050907,23.31816600053571,True,True,True,0.3,4,31010
True,True,1,OPTIMAL,22.37,3.252166003221646,Optimal,22.370249033519368,23.60179097740911,True,True,True,0.3,4,31011
True,True,2,OPTIMAL,11.106,3.0808750016149133,Optimal,11.106580500466336,24.71491601318121,True,True,True,0.3,4,31012
True,True,1,INFEASIBLE,0.0,0.4947500128764659,Infeasible,0.0,20.10416699340567,False,False,False,0.3,4,31013
True,True,2,INFEASIBLE,0.0,0.18154099234379828,Infeasible,0.0,20.007333980174735,False,False,False,0.3,4,31014
True,True,1,OPTIMAL,14.36,4.803874995559454,Optimal,14.360636758615449,23.781417025020346,True,True,True,0.3,4,31015
True,True,1,INFEASIBLE,0.0,0.4870000120718032,Infeasible,0.0,22.063542011892423,False,False,False,0.3,4,31016
True,True,1,OPTIMAL,13.036,3.553041984559968,Optimal,13.03756773671906,22.646041004918516,True,True,True,0.3,4,31017
True,True,5,INFEASIBLE,0.0,0.11983301374129951,Infeasible,0.0,20.37283399840817,False,False,False,0.3,4,31018
True,True,2,INFEASIBLE,0.0,0.4619169922079891,Infeasible,0.0,20.30345899402164,False,False,False,0.3,4,31019
True,True,1,OPTIMAL,17.052,4.461958014871925,Optimal,17.051996660188983,23.889959004009143,True,True,True,0.3,4,31020
True,True,1,OPTIMAL,12.265,3.9899580006022006,Optimal,12.265717882015934,26.472375000594184,True,True,True,0.3,4,31021
True,True,1,INFEASIBLE,0.0,0.9528749797027558,Infeasible,0.0,22.188540984643623,False,False,False,0.3,4,31022
True,True,1,OPTIMAL,20.508,3.7499580066651106,Optimal,20.508382869736067,26.805500005139038,True,True,True,0.3,4,31023
True,True,2,INFEASIBLE,0.0,0.4595420032273978,Infeasible,0.0,19.94112500688061,False,False,False,0.3,4,31024
True,True,1,INFEASIBLE,0.0,0.5362919764593244,Infeasible,0.0,21.128791995579377,False,False,False,0.3,4,31025
True,True,2,INFEASIBLE,0.0,0.40404198807664216,Infeasible,0.0,21.540625020861626,False,False,False,0.3,4,31026
True,True,6,INFEASIBLE,0.0,0.10208401363343,Infeasible,0.0,21.971042006043717,False,False,False,0.3,4,31027
True,True,3,OPTIMAL,6.148,2.5748749903868884,Optimal,6.147694261739422,28.642749995924532,True,True,True,0.3,4,31028
True,True,2,INFEASIBLE,0.0,0.40687501314096153,Infeasible,0.0,21.51537500321865,False,False,False,0.3,4,31029
True,True,1,INFEASIBLE,0.0,0.524500006577,Infeasible,0.0,23.249958991073072,False,False,False,0.3,4,31030
True,True,2,INFEASIBLE,0.0,0.425290985731408,Infeasible,0.0,20.08283298346214,False,False,False,0.3,4,31031
True,True,3,INFEASIBLE,0.0,0.47008300316520035,Infeasible,0.0,20.935125008691102,False,False,False,0.3,4,31032
True,True,2,OPTIMAL,20.9,3.46079099108465,Optimal,20.900075853161958,23.038667015498504,True,True,True,0.3,4,31033
True,True,3,OPTIMAL,8.499,2.9541660042013973,Optimal,8.499060720191776,22.03783398726955,True,True,True,0.3,4,31034
True,True,2,INFEASIBLE,0.0,0.169374980032444,Infeasible,0.0,20.654209016356617,False,False,False,0.3,4,31035
True,True,2,INFEASIBLE,0.0,0.1652499777264893,Infeasible,0.0,20.416040992131457,False,False,False,0.3,4,31036
True,True,0,OPTIMAL,11.208,3.862750018015504,Optimal,11.208487338307958,26.055791007820517,True,True,True,0.3,4,31037
True,True,1,INFEASIBLE,0.0,0.4575829952955246,Infeasible,0.0,19.756499998038635,False,False,False,0.3,4,31038
True,True,3,OPTIMAL,5.254,2.671833004569635,Optimal,5.254350059496844,24.37787500093691,True,True,True,0.3,4,31039
True,True,3,INFEASIBLE,0.0,0.19008299568668008,Infeasible,0.0,20.12341600493528,False,False,False,0.3,4,31040
True,True,1,OPTIMAL,17.724,3.4052499977406114,Optimal,17.724530706138374,21.642792009515688,True,True,True,0.3,4,31041
True,True,2,OPTIMAL,15.359,2.425042010145262,Optimal,15.359354547934007,23.129542008973658,True,True,True,0.3,4,31042
True,True,3,OPTIMAL,10.244,2.4337079958058894,Optimal,10.243386060293464,23.775125009706244,True,True,True,0.3,4,31043
True,True,2,OPTIMAL,19.528,2.638582984218374,Optimal,19.52784292510511,25.212167005520314,True,True,True,0.3,4,31044
True,True,4,OPTIMAL,-3.544,2.373000024817884,Optimal,-3.5438793484621,21.32229201379232,True,True,True,0.3,4,31045
True,True,1,OPTIMAL,15.213,3.3046659955289215,Optimal,15.212823182600834,26.467040996067226,True,True,True,0.3,4,31046
True,True,0,OPTIMAL,10.083,3.55466699693352,Optimal,10.082210642894008,25.673583993921056,True,True,True,0.3,4,31047
True,True,5,INFEASIBLE,0.0,0.11329201515763998,Infeasible,0.0,19.586084003094584,False,False,False,0.3,4,31048
True,True,2,INFEASIBLE,0.0,0.8505000150762498,Infeasible,0.0,24.57395798410289,False,False,False,0.3,4,31049
True,True,2,INFEASIBLE,0.0,0.15579198952764273,Infeasible,0.0,19.38100002007559,False,False,False,0.4,4,41000
True,True,4,INFEASIBLE,0.0,0.34462500480003655,Infeasible,0.0,23.752709006657824,False,False,False,0.4,4,41001
True,True,3,INFEASIBLE,0.0,0.7914160087238997,Infeasible,0.0,22.633207991020754,False,False,False,0.4,4,41002
True,True,3,OPTIMAL,7.447,3.2398330222349614,Optimal,7.447039891599655,24.384292017202824,True,True,True,0.4,4,41003
True,True,3,OPTIMAL,-2.177,3.2856250181794167,Optimal,-2.1773540317568383,24.39433298422955,True,True,True,0.4,4,41004
True,True,4,OPTIMAL,-0.678,2.297625003848225,Optimal,-0.6778667122017135,26.020666991826147,True,True,True,0.4,4,41005
True,True,1,INFEASIBLE,0.0,0.8809579885564744,Infeasible,0.0,26.365541998529807,False,False,False,0.4,4,41006
True,True,4,INFEASIBLE,0.0,0.17987500177696347,Infeasible,0.0,27.07291700062342,False,False,False,0.4,4,41007
True,True,1,INFEASIBLE,0.0,0.5455829959828407,Infeasible,0.0,22.064584016334265,False,False,False,0.4,4,41008
True,True,4,INFEASIBLE,0.0,0.16270799096673727,Infeasible,0.0,23.570041987113655,False,False,False,0.4,4,41009
True,True,3,INFEASIBLE,0.0,0.18358399393036962,Infeasible,0.0,25.913707999279723,False,False,False,0.4,4,41010
True,True,2,INFEASIBLE,0.0,0.20937499357387424,Infeasible,0.0,24.15658300742507,False,False,False,0.4,4,41011
True,True,2,OPTIMAL,7.569,4.597584018483758,Optimal,7.568829542813669,42.45687500224449,True,True,True,0.4,4,41012
True,True,2,OPTIMAL,22.633,4.94179202360101,Optimal,22.63353941726176,22.997042018687353,True,True,True,0.4,4,41013
True,True,1,INFEASIBLE,0.0,1.0658339888323098,Infeasible,0.0,21.209333004662767,False,False,False,0.4,4,41014
True,True,2,OPTIMAL,5.723,2.5904590147547424,Optimal,5.723468904804999,21.238290995825082,True,True,True,0.4,4,41015
True,True,4,OPTIMAL,4.658,2.709707972826436,Optimal,4.657375813998277,22.81641701119952,True,True,True,0.4,4,41016
True,True,5,INFEASIBLE,0.0,0.11758299660868943,Infeasible,0.0,19.731290987692773,False,False,False,0.4,4,41017
True,True,3,INFEASIBLE,0.0,0.18304199329577386,Infeasible,0.0,22.693124978104606,False,False,False,0.4,4,41018
True,True,2,INFEASIBLE,0.0,0.17370798741467297,Infeasible,0.0,20.221332990331575,False,False,False,0.4,4,41019
True,True,1,OPTIMAL,14.835,4.450916982023045,Optimal,14.835770442317935,27.76041699689813,True,True,True,0.4,4,41020
True,True,2,INFEASIBLE,0.0,0.20300000323913991,Infeasible,0.0,25.1437499828171,False,False,False,0.4,4,41021
True,True,2,OPTIMAL,4.831,4.7445409873034805,Optimal,4.831271381205279,32.811958983074874,True,True,True,0.4,4,41022
True,True,4,INFEASIBLE,0.0,0.240332999965176,Infeasible,0.0,21.083250001538545,False,False,False,0.4,4,41023
True,True,2,INFEASIBLE,0.0,0.16645799041725695,Infeasible,0.0,21.881000022403896,False,False,False,0.4,4,41024
True,True,0,INFEASIBLE,0.0,0.8909579773899168,Infeasible,0.0,20.47320900601335,False,False,False,0.4,4,41025
True,True,3,INFEASIBLE,0.0,0.5192499957047403,Infeasible,0.0,20.428291987627745,False,False,False,0.4,4,41026
True,True,1,INFEASIBLE,0.0,0.2618340076878667,Infeasible,0.0,20.883707999018952,False,False,False,0.4,4,41027
True,True,2,INFEASIBLE,0.0,0.7117080094758421,Infeasible,0.0,20.554957998683676,False,False,False,0.4,4,41028
True,True,1,OPTIMAL,18.354,3.3872079802677035,Optimal,18.354029489725576,24.5860000140965,True,True,True,0.4,4,41029
True,True,1,OPTIMAL,24.816,3.7862920144107193,Optimal,24.81529539103566,24.447042000247166,True,True,True,0.4,4,41030
True,True,1,OPTIMAL,6.327,4.331625008489937,Optimal,6.327132278305726,25.854999985313043,True,True,True,0.4,4,41031
True,True,1,INFEASIBLE,0.0,0.4994999908376485,Infeasible,0.0,21.5340830036439,False,False,False,0.4,4,41032
True,True,3,INFEASIBLE,0.0,0.3944160125683993,Infeasible,0.0,20.70958400145173,False,False,False,0.4,4,41033
False,True,4,INFEASIBLE,0.0,0.12216699542477727,Infeasible,0.0,20.810707996133715,False,False,False,0.4,4,41034
True,True,3,OPTIMAL,4.87,2.9169579793233424,Optimal,4.8700469181234425,22.662875009700656,True,True,True,0.4,4,41035
True,True,1,OPTIMAL,-0.123,4.021458007628098,Optimal,-0.12269977453888536,25.91437500086613,True,True,True,0.4,4,41036
True,True,2,OPTIMAL,13.736,4.0875419799704105,Optimal,13.736878844962456,24.59887502482161,True,True,True,0.4,4,41037
True,True,2,OPTIMAL,11.986,3.459625004325062,Optimal,11.985656405560285,23.464124999009073,True,True,True,0.4,4,41038
True,True,0,INFEASIBLE,0.0,0.23650002549402416,Infeasible,0.0,20.607625017873943,False,False,False,0.4,4,41039
True,True,2,INFEASIBLE,0.0,0.200167007278651,Infeasible,0.0,20.535666990326717,False,False,False,0.4,4,41040
True,True,2,OPTIMAL,9.66,2.6487499999348074,Optimal,9.659858404969942,22.15970799443312,True,True,True,0.4,4,41041
True,True,1,INFEASIBLE,0.0,0.4652499919757247,Infeasible,0.0,20.346167002571747,False,False,False,0.4,4,41042
False,True,5,INFEASIBLE,0.0,0.11366698890924454,Infeasible,0.0,20.75404199422337,False,False,False,0.4,4,41043
True,True,4,INFEASIBLE,0.0,0.2429169835522771,Infeasible,0.0,20.443250017706305,False,False,False,0.4,4,41044
True,True,2,INFEASIBLE,0.0,0.15270800213329494,Infeasible,0.0,19.273957994300872,False,False,False,0.4,4,41045
True,True,2,INFEASIBLE,0.0,0.6437079864554107,Infeasible,0.0,20.658541994635016,False,False,False,0.4,4,41046
True,True,0,OPTIMAL,12.928,3.738208004506305,Optimal,12.927305920651296,27.00229099718854,True,True,True,0.4,4,41047
True,True,3,OPTIMAL,11.284,2.507416997104883,Optimal,11.283885032137167,22.326833015540615,True,True,True,0.4,4,41048
True,True,3,OPTIMAL,6.628,2.9321250040084124,Optimal,6.627871354355287,22.165667003719136,True,True,True,0.4,4,41049
True,True,2,OPTIMAL,-1.278,2.3382090148516,Optimal,-1.2772722461742791,21.16029101307504,True,True,True,0.5,4,51000
True,True,5,INFEASIBLE,0.0,0.11466699652373791,Infeasible,0.0,19.641582999611273,False,False,False,0.5,4,51001
False,True,7,INFEASIBLE,0.0,0.09345798753201962,Infeasible,0.0,19.533458980731666,False,False,False,0.5,4,51002
True,True,1,INFEASIBLE,0.0,0.48195800627581775,Infeasible,0.0,22.054542001569644,False,False,False,0.5,4,51003
True,True,2,OPTIMAL,18.518,3.491208015475422,Optimal,18.518109922410833,21.567791991401464,True,True,True,0.5,4,51004
True,True,3,INFEASIBLE,0.0,0.41900001815520227,Infeasible,0.0,19.92374999099411,False,False,False,0.5,4,51005
True,True,5,INFEASIBLE,0.0,0.11120899580419064,Infeasible,0.0,20.808333007153124,False,False,False,0.5,4,51006
True,True,4,INFEASIBLE,0.0,0.150916981510818,Infeasible,0.0,22.66608300851658,False,False,False,0.5,4,51007
True,True,3,INFEASIBLE,0.0,0.15595901641063392,Infeasible,0.0,22.29424999677576,False,False,False,0.5,4,51008
True,True,4,OPTIMAL,-1.505,3.1532499997410923,Optimal,-1.5043184860189047,21.535249979933724,True,True,True,0.5,4,51009
False,True,4,INFEASIBLE,0.0,0.09650000720284879,Infeasible,0.0,19.464791024802253,False,False,False,0.5,4,51010
True,True,2,OPTIMAL,28.979,4.676291020587087,Optimal,28.97891408640897,25.536125001963228,True,True,True,0.5,4,51011
True,True,2,INFEASIBLE,0.0,0.41354101267643273,Infeasible,0.0,21.08104099170305,False,False,False,0.5,4,51012
True,True,5,INFEASIBLE,0.0,0.10999999358318746,Infeasible,0.0,19.318999984534457,False,False,False,0.5,4,51013
True,True,0,OPTIMAL,12.109,3.8431249849963933,Optimal,12.108586639333627,25.760166987311095,True,True,True,0.5,4,51014
True,True,2,OPTIMAL,11.514,2.6720829773694277,Optimal,11.5141796238589,22.715832979884,True,True,True,0.5,4,51015
True,True,1,OPTIMAL,21.535,3.493875003186986,Optimal,21.535079804561626,25.359124992974102,True,True,True,0.5,4,51016
True,True,3,OPTIMAL,-5.516,2.2258750104811043,Optimal,-5.516045522043072,21.055542019894347,True,True,True,0.5,4,51017
True,True,3,INFEASIBLE,0.0,0.14454202027991414,Infeasible,0.0,24.288417014759034,False,False,False,0.5,4,51018
True,True,3,OPTIMAL,16.307,2.929040987510234,Optimal,16.306869632002346,24.623375007649884,True,True,True,0.5,4,51019
True,True,4,INFEASIBLE,0.0,0.14191700029186904,Infeasible,0.0,20.30708300299011,False,False,False,0.5,4,51020
True,True,2,OPTIMAL,12.428,2.4918749986682087,Optimal,12.428523527227348,25.80800000578165,True,True,True,0.5,4,51021
False,True,5,INFEASIBLE,0.0,0.09458299609832466,Infeasible,0.0,19.550500001059845,False,False,False,0.5,4,51022
True,True,2,OPTIMAL,10.513,3.1725830049254,Optimal,10.512713484558468,23.210457991808653,True,True,True,0.5,4,51023
True,True,1,INFEASIBLE,0.0,0.2869579766411334,Infeasible,0.0,19.622874999186024,False,False,False,0.5,4,51024
True,True,3,INFEASIBLE,0.0,0.6836669926997274,Infeasible,0.0,21.516999986488372,False,False,False,0.5,4,51025
True,True,2,OPTIMAL,10.243,3.535208001267165,Optimal,10.242622292084231,27.01683298801072,True,True,True,0.5,4,51026
True,True,4,OPTIMAL,19.264,2.5252909981645644,Optimal,19.264709380893958,21.21183299459517,True,True,True,0.5,4,51027
True,True,3,OPTIMAL,-2.0540000000000007,2.7119590085931122,Optimal,-2.053545832836138,21.80733298882842,True,True,True,0.5,4,51028
True,True,3,INFEASIBLE,0.0,0.5145000177435577,Infeasible,0.0,19.900332990800962,False,False,False,0.5,4,51029
True,True,3,INFEASIBLE,0.0,0.3428329946473241,Infeasible,0.0,20.499750011367723,False,False,False,0.5,4,51030
True,True,2,INFEASIBLE,0.0,0.7106250268407166,Infeasible,0.0,19.97179101454094,False,False,False,0.5,4,51031
True,True,3,OPTIMAL,8.972,2.81800000811927,Optimal,8.972624290275142,21.992041991325095,True,True,True,0.5,4,51032
True,True,1,OPTIMAL,16.016,3.380457987077534,Optimal,16.016674189368533,23.294708982575685,True,True,True,0.5,4,51033
True,True,1,OPTIMAL,15.101,3.3609170059207827,Optimal,15.101515658020315,21.762792021036148,True,True,True,0.5,4,51034
True,True,3,INFEASIBLE,0.0,0.5986670148558915,Infeasible,0.0,20.04616698832251,False,False,False,0.5,4,51035
True,True,1,INFEASIBLE,0.0,3.2397919858340174,Infeasible,0.0,20.0052079744637,False,False,False,0.5,4,51036
True,True,3,OPTIMAL,5.708,2.5399580190423876,Optimal,5.7078969021160235,25.179457996273413,True,True,True,0.5,4,51037
True,True,3,INFEASIBLE,0.0,0.31287502497434616,Infeasible,0.0,21.338124992325902,False,False,False,0.5,4,51038
True,True,2,OPTIMAL,5.221,2.441916993120685,Optimal,5.220061685731368,21.139874996151775,True,True,True,0.5,4,51039
True,True,2,INFEASIBLE,0.0,0.5625830090139061,Infeasible,0.0,23.770667001372203,False,False,False,0.5,4,51040
True,True,4,INFEASIBLE,0.0,0.14249997911974788,Infeasible,0.0,19.868458999553695,False,False,False,0.5,4,51041
True,True,1,OPTIMAL,14.455,3.5387079988140613,Optimal,14.454895201819468,22.72966699092649,True,True,True,0.5,4,51042
True,True,3,INFEASIBLE,0.0,0.13404199853539467,Infeasible,0.0,19.66787499259226,False,False,False,0.5,4,51043
True,True,4,INFEASIBLE,0.0,0.27708298875950277,Infeasible,0.0,22.904082987224683,False,False,False,0.5,4,51044
True,True,1,OPTIMAL,10.139,2.755458001047373,Optimal,10.138946035713921,25.27179100434296,True,True,True,0.5,4,51045
True,True,2,INFEASIBLE,0.0,0.4201660049147904,Infeasible,0.0,20.37120799650438,False,False,False,0.5,4,51046
True,True,4,INFEASIBLE,0.0,0.15287499991245568,Infeasible,0.0,21.330874995328486,False,False,False,0.5,4,51047
True,True,1,OPTIMAL,20.806,3.471874981187284,Optimal,20.806018617476216,21.20870799990371,True,True,True,0.5,4,51048
True,True,4,INFEASIBLE,0.0,0.15004101442173123,Infeasible,0.0,19.611666997661814,False,False,False,0.5,4,51049
True,True,2,OPTIMAL,13.994,3.2302499748766422,Optimal,13.992619710950974,25.766417005797848,True,True,True,0.6,4,61000
True,True,4,INFEASIBLE,0.0,0.1465410168748349,Infeasible,0.0,19.620958977611735,False,False,False,0.6,4,61001
True,True,3,INFEASIBLE,0.0,0.3032080130651593,Infeasible,0.0,19.641624996438622,False,False,False,0.6,4,61002
True,True,2,INFEASIBLE,0.0,0.44816697482019663,Infeasible,0.0,23.345124995103106,False,False,False,0.6,4,61003
True,True,1,INFEASIBLE,0.0,3.3018749963957816,Infeasible,0.0,21.05366700561717,False,False,False,0.6,4,61004
True,True,4,INFEASIBLE,0.0,0.1254579983651638,Infeasible,0.0,19.27758299279958,False,False,False,0.6,4,61005
True,True,0,INFEASIBLE,0.0,0.5557079857680947,Infeasible,0.0,20.171625015791506,False,False,False,0.6,4,61006
True,True,4,INFEASIBLE,0.0,0.1822909980546683,Infeasible,0.0,20.399208005983382,False,False,False,0.6,4,61007
True,True,3,INFEASIBLE,0.0,0.1402909983880818,Infeasible,0.0,19.566417002351955,False,False,False,0.6,4,61008
True,True,4,INFEASIBLE,0.0,0.14508399181067944,Infeasible,0.0,19.921666011214256,False,False,False,0.6,4,61009
False,True,7,INFEASIBLE,0.0,0.0974169815890491,Infeasible,0.0,19.69054198707454,False,False,False,0.6,4,61010
True,True,3,OPTIMAL,14.409,2.390291017945856,Optimal,14.408814751422991,23.553665989311412,True,True,True,0.6,4,61011
True,True,4,INFEASIBLE,0.0,0.11100000119768083,Infeasible,0.0,19.70729199820198,False,False,False,0.6,4,61012
True,True,1,OPTIMAL,17.955,3.4990410204045475,Optimal,17.956434079637237,25.60220900340937,True,True,True,0.6,4,61013
True,True,1,OPTIMAL,26.86,3.537875018082559,Optimal,26.85945868423942,23.08033301960677,True,True,True,0.6,4,61014
True,True,3,INFEASIBLE,0.0,0.17345900414511561,Infeasible,0.0,19.908000016584992,False,False,False,0.6,4,61015
True,True,3,OPTIMAL,5.94,2.382083999691531,Optimal,5.939503816239362,22.333874978357926,True,True,True,0.6,4,61016
True,True,3,INFEASIBLE,0.0,0.5211250099819154,Infeasible,0.0,19.707625004230067,False,False,False,0.6,4,61017
True,True,2,OPTIMAL,1.777,3.1717079982627183,Optimal,1.777091002347514,26.76966699073091,True,True,True,0.6,4,61018
True,True,5,OPTIMAL,1.6460000000000001,2.300332998856902,Optimal,1.6456944585367057,23.005249997368082,True,True,True,0.6,4,61019
True,True,4,OPTIMAL,6.854,2.3206250043585896,Optimal,6.854162471007323,22.666624980047345,True,True,True,0.6,4,61020
True,True,4,OPTIMAL,4.527,2.832541009411216,Optimal,4.526755186681828,26.245459011988714,True,True,True,0.6,4,61021
True,True,5,INFEASIBLE,0.0,0.21570801618508995,Infeasible,0.0,32.091000000946224,False,False,False,0.6,4,61022
False,True,5,INFEASIBLE,0.0,0.16450000111944973,Infeasible,0.0,35.7054999913089,False,False,False,0.6,4,61023
True,True,4,INFEASIBLE,0.0,0.40395898395217955,Infeasible,0.0,25.535417022183537,False,False,False,0.6,4,61024
True,True,3,INFEASIBLE,0.0,0.3994999860879034,Infeasible,0.0,26.981584000168368,False,False,False,0.6,4,61025
True,True,2,INFEASIBLE,0.0,0.4237079992890358,Infeasible,0.0,19.812708982499316,False,False,False,0.6,4,61026
True,True,3,INFEASIBLE,0.0,0.4101250087842345,Infeasible,0.0,24.32329099974595,False,False,False,0.6,4,61027
True,True,2,INFEASIBLE,0.0,0.40754099609330297,Infeasible,0.0,19.790792022831738,False,False,False,0.6,4,61028
True,True,4,OPTIMAL,-1.929,2.3102500126697123,Optimal,-1.9287320991484223,21.806916978675872,True,True,True,0.6,4,61029
True,True,3,INFEASIBLE,0.0,0.16575001063756645,Infeasible,0.0,19.60958298877813,False,False,False,0.6,4,61030
True,True,4,INFEASIBLE,0.0,0.1951669983100146,Infeasible,0.0,19.61070898687467,False,False,False,0.6,4,61031
True,True,6,INFEASIBLE,0.0,0.1230000052601099,Infeasible,0.0,20.493250020081177,False,False,False,0.6,4,61032
True,True,3,OPTIMAL,12.008,2.731374988798052,Optimal,12.008258260548367,21.796666987938806,True,True,True,0.6,4,61033
True,True,4,INFEASIBLE,0.0,0.1681669964455068,Infeasible,0.0,20.707333023892716,False,False,False,0.6,4,61034
True,True,5,INFEASIBLE,0.0,0.11379201896488667,Infeasible,0.0,20.0149999873247,False,False,False,0.6,4,61035
True,True,4,INFEASIBLE,0.0,0.1365839852951467,Infeasible,0.0,20.434665988432243,False,False,False,0.6,4,61036
True,True,3,INFEASIBLE,0.0,0.5808749992866069,Infeasible,0.0,19.870582997100428,False,False,False,0.6,4,61037
True,True,4,OPTIMAL,-6.839,2.37574998755008,Optimal,-6.83835306840592,22.31629198649898,True,True,True,0.6,4,61038
True,True,3,INFEASIBLE,0.0,0.16304198652505875,Infeasible,0.0,19.831374986097217,False,False,False,0.6,4,61039
True,True,4,INFEASIBLE,0.0,0.14316700980998576,Infeasible,0.0,19.650417001685128,False,False,False,0.6,4,61040
True,True,2,OPTIMAL,13.347,2.74845800595358,Optimal,13.34624559878877,22.696833009831607,True,True,True,0.6,4,61041
True,True,4,OPTIMAL,11.536,2.5024170172400773,Optimal,11.535995846579315,22.795958997448906,True,True,True,0.6,4,61042
True,True,3,OPTIMAL,15.374,2.5053330173250288,Optimal,15.373154193820264,21.83312500710599,True,True,True,0.6,4,61043
True,True,3,INFEASIBLE,0.0,0.5123330047354102,Infeasible,0.0,20.546624989947304,False,False,False,0.6,4,61044
True,True,5,INFEASIBLE,0.0,0.1120000088121742,Infeasible,0.0,19.416167022427544,False,False,False,0.6,4,61045
True,True,1,INFEASIBLE,0.0,0.47337502473965287,Infeasible,0.0,20.93066700035706,False,False,False,0.6,4,61046
True,True,6,INFEASIBLE,0.0,0.10137501521967351,Infeasible,0.0,19.469416001811624,False,False,False,0.6,4,61047
True,True,1,OPTIMAL,3.689,3.1930420082062483,Optimal,3.6893434147320003,25.440083991270512,True,True,True,0.6,4,61048
True,True,2,OPTIMAL,7.594,3.218917001504451,Optimal,7.594575829257685,23.680874990532175,True,True,True,0.6,4,61049
True,True,1,INFEASIBLE,0.0,0.4539579967968166,Infeasible,0.0,19.72958300029859,False,False,False,0.7,4,71000
True,True,5,INFEASIBLE,0.0,0.12462498852983117,Infeasible,0.0,19.49729199986905,False,False,False,0.7,4,71001
True,True,4,INFEASIBLE,0.0,0.11074999929405749,Infeasible,0.0,19.615041004726663,False,False,False,0.7,4,71002
True,True,3,OPTIMAL,14.771,2.4007500032894313,Optimal,14.771423339297964,24.522666994016618,True,True,True,0.7,4,71003
True,True,3,INFEASIBLE,0.0,0.15024997992441058,Infeasible,0.0,19.637165998574346,False,False,False,0.7,4,71004
True,True,1,INFEASIBLE,0.0,0.47379100578837097,Infeasible,0.0,19.78620799491182,False,False,False,0.7,4,71005
True,True,4,INFEASIBLE,0.0,0.23366700042970479,Infeasible,0.0,20.246375002898276,False,False,False,0.7,4,71006
True,True,3,INFEASIBLE,0.0,0.16766699263826013,Infeasible,0.0,19.774457992753014,False,False,False,0.7,4,71007
True,True,4,INFEASIBLE,0.0,0.24324998958036304,Infeasible,0.0,21.337624988518655,False,False,False,0.7,4,71008
True,True,2,INFEASIBLE,0.0,0.24783299886621535,Infeasible,0.0,19.95012498809956,False,False,False,0.7,4,71009
True,True,6,INFEASIBLE,0.0,0.0914999982342124,Infeasible,0.0,19.487834011670202,False,False,False,0.7,4,71010
False,True,6,INFEASIBLE,0.0,0.157458009198308,Infeasible,0.0,20.859000011114404,False,False,False,0.7,4,71011
True,True,5,INFEASIBLE,0.0,0.14387501869350672,Infeasible,0.0,20.867207989795133,False,False,False,0.7,4,71012
True,True,4,INFEASIBLE,0.0,0.12483299360610545,Infeasible,0.0,22.65408300445415,False,False,False,0.7,4,71013
True,True,2,INFEASIBLE,0.0,0.4387499939184636,Infeasible,0.0,23.38891601539217,False,False,False,0.7,4,71014
True,True,4,OPTIMAL,9.004,2.9323750059120357,Optimal,9.00342501814734,27.220666990615427,True,True,True,0.7,4,71015
True,True,2,OPTIMAL,4.974,7.176749990321696,Optimal,4.973194601158769,57.12420801864937,True,True,True,0.7,4,71016
True,True,5,INFEASIBLE,0.0,0.17862502136267722,Infeasible,0.0,19.54579201992601,False,False,False,0.7,4,71017
True,True,6,INFEASIBLE,0.0,0.10624999413266778,Infeasible,0.0,19.969874992966652,False,False,False,0.7,4,71018
True,True,2,INFEASIBLE,0.0,0.40637500933371484,Infeasible,0.0,19.480249990010634,False,False,False,0.7,4,71019
True,True,3,INFEASIBLE,0.0,0.14162500156089664,Infeasible,0.0,19.84908399754204,False,False,False,0.7,4,71020
True,True,5,OPTIMAL,4.681,2.274416998261586,Optimal,4.681018011160079,20.776791992830113,True,True,True,0.7,4,71021
True,True,4,INFEASIBLE,0.0,0.12720798258669674,Infeasible,0.0,19.94629201362841,False,False,False,0.7,4,71022
True,True,5,OPTIMAL,-0.09900000000000034,2.2293750080280006,Optimal,-0.09839553237831833,20.45279199955985,True,True,True,0.7,4,71023
True,True,4,OPTIMAL,17.65,3.1969590054359287,Optimal,17.649833691834672,21.131749992491677,True,True,True,0.7,4,71024
True,True,4,OPTIMAL,-2.903,2.427500003250316,Optimal,-2.9040470144484223,21.403916995041072,True,True,True,0.7,4,71025
True,True,3,OPTIMAL,5.238,2.6171669887844473,Optimal,5.237822824896426,21.280832996126264,True,True,True,0.7,4,71026
True,True,1,OPTIMAL,1.903,3.3555410045664757,Optimal,1.9030426873761712,24.040999996941537,True,True,True,0.7,4,71027
True,True,5,INFEASIBLE,0.0,0.11745898518711329,Infeasible,0.0,19.347041990840808,False,False,False,0.7,4,71028
True,True,5,INFEASIBLE,0.0,0.13829200179316103,Infeasible,0.0,19.54429197940044,False,False,False,0.7,4,71029
True,True,2,OPTIMAL,9.133,3.137958003208041,Optimal,9.13355624257387,21.83237500139512,True,True,True,0.7,4,71030
False,True,5,INFEASIBLE,0.0,0.13104200479574502,Infeasible,0.0,19.593041011830792,False,False,False,0.7,4,71031
True,True,4,INFEASIBLE,0.0,0.15458400594070554,Infeasible,0.0,19.47612501680851,False,False,False,0.7,4,71032
True,True,4,INFEASIBLE,0.0,0.14829199062660336,Infeasible,0.0,19.874499994330108,False,False,False,0.7,4,71033
True,True,4,INFEASIBLE,0.0,0.22812499082647264,Infeasible,0.0,19.803791015874594,False,False,False,0.7,4,71034
False,True,6,INFEASIBLE,0.0,0.09379099356010556,Infeasible,0.0,19.511708000209183,False,False,False,0.7,4,71035
True,True,2,INFEASIBLE,0.0,0.15916599659249187,Infeasible,0.0,19.763541989959776,False,False,False,0.7,4,71036
True,True,3,OPTIMAL,0.20200000000000023,2.507500001229346,Optimal,0.20175360141846532,20.940749993314967,True,True,True,0.7,4,71037
True,True,2,OPTIMAL,4.269,2.600583015009761,Optimal,4.268320548669568,21.781250019557774,True,True,True,0.7,4,71038
True,True,5,INFEASIBLE,0.0,0.1401670160703361,Infeasible,0.0,19.305416994029656,False,False,False,0.7,4,71039
True,True,3,INFEASIBLE,0.0,0.5085830052848905,Infeasible,0.0,19.32933399803005,False,False,False,0.7,4,71040
True,True,1,OPTIMAL,16.008,3.258083015680313,Optimal,16.00817702493606,21.258166001643986,True,True,True,0.7,4,71041
True,True,5,INFEASIBLE,0.0,0.10887501412071288,Infeasible,0.0,19.82770801987499,False,False,False,0.7,4,71042
True,True,5,OPTIMAL,9.976,2.2566249826923013,Optimal,9.976557296813438,20.711416989797726,True,True,True,0.7,4,71043
True,True,2,OPTIMAL,19.948,3.351291990838945,Optimal,19.94819300106618,23.882542009232566,True,True,True,0.7,4,71044
True,True,5,INFEASIBLE,0.0,0.1229170011356473,Infeasible,0.0,19.32837499771267,False,False,False,0.7,4,71045
True,True,2,INFEASIBLE,0.0,0.38516600034199655,Infeasible,0.0,20.350584003608674,False,False,False,0.7,4,71046
True,True,4,OPTIMAL,4.37,2.0557079988066107,Optimal,4.370082771145263,20.954832987627015,True,True,True,0.7,4,71047
True,True,4,INFEASIBLE,0.0,0.13749999925494194,Infeasible,0.0,19.481459021335468,False,False,False,0.7,4,71048
True,True,4,INFEASIBLE,0.0,0.18862501019611955,Infeasible,0.0,19.629749993328005,False,False,False,0.7,4,71049
True,True,3,INFEASIBLE,0.0,0.12866698671132326,Infeasible,0.0,19.633749994682148,False,False,False,0.8,4,81000
True,True,5,INFEASIBLE,0.0,0.11304102372378111,Infeasible,0.0,21.10474999062717,False,False,False,0.8,4,81001
True,True,1,OPTIMAL,12.149,3.541707992553711,Optimal,12.149027743727697,23.702000005869195,True,True,True,0.8,4,81002
True,True,5,OPTIMAL,9.398,2.2989579883869737,Optimal,9.398531724203805,20.801415987079963,True,True,True,0.8,4,81003
True,True,3,OPTIMAL,13.588,2.4062920128926635,Optimal,13.587782235541674,21.827832999406382,True,True,True,0.8,4,81004
True,True,3,INFEASIBLE,0.0,0.37624998367391527,Infeasible,0.0,22.800708014983684,False,False,False,0.8,4,81005
True,True,3,OPTIMAL,7.527,2.856166014680639,Optimal,7.525971407527019,22.145583003293723,True,True,True,0.8,4,81006
True,True,3,INFEASIBLE,0.0,0.4015830054413527,Infeasible,0.0,19.799667003098875,False,False,False,0.8,4,81007
False,True,7,INFEASIBLE,0.0,0.09658400085754693,Infeasible,0.0,20.230541995260864,False,False,False,0.8,4,81008
True,True,3,INFEASIBLE,0.0,0.5246670043561608,Infeasible,0.0,24.969749996671453,False,False,False,0.8,4,81009
True,True,3,INFEASIBLE,0.0,0.2333330048713833,Infeasible,0.0,21.546167001361027,False,False,False,0.8,4,81010
True,True,5,OPTIMAL,7.514,2.3983329883776605,Optimal,7.513300937405343,20.529458997771144,True,True,True,0.8,4,81011
False,True,5,INFEASIBLE,0.0,0.10204099817201495,Infeasible,0.0,19.894333003321663,False,False,False,0.8,4,81012
True,True,4,INFEASIBLE,0.0,0.14391701552085578,Infeasible,0.0,19.79370799381286,False,False,False,0.8,4,81013
False,True,6,INFEASIBLE,0.0,0.09566597873345017,Infeasible,0.0,19.603916007326916,False,False,False,0.8,4,81014
True,True,1,OPTIMAL,28.466,3.314125002361834,Optimal,28.466877888908115,23.593249992700294,True,True,True,0.8,4,81015
True,True,6,OPTIMAL,4.043,2.5253329949919134,Optimal,4.042544006823056,20.745999994687736,True,True,True,0.8,4,81016
True,True,3,INFEASIBLE,0.0,0.14620900037698448,Infeasible,0.0,20.006667007692158,False,False,False,0.8,4,81017
True,True,4,INFEASIBLE,0.0,0.15020801220089197,Infeasible,0.0,20.21200000308454,False,False,False,0.8,4,81018
True,True,3,INFEASIBLE,0.0,0.1512089802417904,Infeasible,0.0,19.534167018719018,False,False,False,0.8,4,81019
True,True,2,INFEASIBLE,0.0,0.1559169904794544,Infeasible,0.0,19.37716599786654,False,False,False,0.8,4,81020
True,True,3,INFEASIBLE,0.0,0.167582998983562,Infeasible,0.0,20.990333025110886,False,False,False,0.8,4,81021
True,True,4,OPTIMAL,-4.61,2.3120419937185943,Optimal,-4.609767848463792,21.288333024131134,True,True,True,0.8,4,81022
True,True,2,OPTIMAL,3.483,3.6707920080516487,Optimal,3.482608026472384,21.650959010003135,True,True,True,0.8,4,81023
True,True,6,INFEASIBLE,0.0,0.10237499373033643,Infeasible,0.0,19.396457995753735,False,False,False,0.8,4,81024
True,True,3,INFEASIBLE,0.0,0.1915419998113066,Infeasible,0.0,19.626833003712818,False,False,False,0.8,4,81025
True,True,5,INFEASIBLE,0.0,0.1373330014757812,Infeasible,0.0,19.270500022685155,False,False,False,0.8,4,81026
True,True,6,INFEASIBLE,0.0,0.1060830254573375,Infeasible,0.0,19.54383301199414,False,False,False,0.8,4,81027
True,True,5,INFEASIBLE,0.0,0.12679098290391266,Infeasible,0.0,19.398750009713694,False,False,False,0.8,4,81028
True,True,2,OPTIMAL,7.793,2.8796660189982504,Optimal,7.792676547195612,22.323915996821597,True,True,True,0.8,4,81029
True,True,5,OPTIMAL,-4.347,2.3210420040413737,Optimal,-4.346885195219643,20.636500004911795,True,True,True,0.8,4,81030
True,True,3,INFEASIBLE,0.0,0.2365830005146563,Infeasible,0.0,19.564124988391995,False,False,False,0.8,4,81031
True,True,5,INFEASIBLE,0.0,0.1452919968869537,Infeasible,0.0,19.6412910008803,False,False,False,0.8,4,81032
True,True,5,INFEASIBLE,0.0,0.13175001367926598,Infeasible,0.0,19.26025000284426,False,False,False,0.8,4,81033
True,True,4,INFEASIBLE,0.0,0.1470420102123171,Infeasible,0.0,19.232916994951665,False,False,False,0.8,4,81034
True,True,4,INFEASIBLE,0.0,0.13650002074427903,Infeasible,0.0,19.508583995047957,False,False,False,0.8,4,81035
True,True,3,OPTIMAL,5.338,2.6857499906327575,Optimal,5.337926569520196,21.17650001309812,True,True,True,0.8,4,81036
True,True,3,INFEASIBLE,0.0,0.19245801377110183,Infeasible,0.0,20.319083996582776,False,False,False,0.8,4,81037
True,True,4,INFEASIBLE,0.0,0.1645419979467988,Infeasible,0.0,19.659875018987805,False,False,False,0.8,4,81038
True,True,5,OPTIMAL,-8.032,2.4062500160653144,Optimal,-8.031955099797473,20.958167006028816,True,True,True,0.8,4,81039
True,True,3,INFEASIBLE,0.0,0.19808302749879658,Infeasible,0.0,19.634500000393018,False,False,False,0.8,4,81040
False,True,5,INFEASIBLE,0.0,0.09625000529922545,Infeasible,0.0,19.926999986637384,False,False,False,0.8,4,81041
True,True,2,INFEASIBLE,0.0,0.44983302359469235,Infeasible,0.0,20.633666979847476,False,False,False,0.8,4,81042
True,True,3,INFEASIBLE,0.0,0.14212500536814332,Infeasible,0.0,20.927249977830797,False,False,False,0.8,4,81043
False,True,6,INFEASIBLE,0.0,0.11883297702297568,Infeasible,0.0,20.69516698247753,False,False,False,0.8,4,81044
True,True,1,INFEASIBLE,0.0,0.4464999947231263,Infeasible,0.0,20.498166006291285,False,False,False,0.8,4,81045
True,True,6,INFEASIBLE,0.0,0.14074999489821494,Infeasible,0.0,23.816208995413035,False,False,False,0.8,4,81046
True,True,2,OPTIMAL,7.065,3.7191250012256205,Optimal,7.065248873188409,28.913999994983897,True,True,True,0.8,4,81047
True,True,3,INFEASIBLE,0.0,0.4078329948242754,Infeasible,0.0,20.139291998930275,False,False,False,0.8,4,81048
True,True,2,INFEASIBLE,0.0,1.1590000067371875,Infeasible,0.0,46.40095800277777,False,False,False,0.8,4,81049
True,True,5,INFEASIBLE,0.0,0.14999997802078724,Infeasible,0.0,32.91195799829438,False,False,False,0.9,4,91000
True,True,5,OPTIMAL,0.183,2.3352499993052334,Optimal,0.18330979681709092,30.497916013700888,True,True,True,0.9,4,91001
False,True,5,INFEASIBLE,0.0,0.12945799971930683,Infeasible,0.0,26.435582985868677,False,False,False,0.9,4,91002
True,True,5,INFEASIBLE,0.0,0.12733298353850842,Infeasible,0.0,20.24233399424702,False,False,False,0.9,4,91003
False,True,7,INFEASIBLE,0.0,0.10145897977054119,Infeasible,0.0,20.520957972621545,False,False,False,0.9,4,91004
True,True,3,INFEASIBLE,0.0,0.6466250051744282,Infeasible,0.0,20.530917012365535,False,False,False,0.9,4,91005
True,True,2,OPTIMAL,18.255,2.9160419944673777,Optimal,18.25415750524943,22.20608398783952,True,True,True,0.9,4,91006
True,True,5,INFEASIBLE,0.0,0.12445799075067043,Infeasible,0.0,19.4474580057431,False,False,False,0.9,4,91007
True,True,3,OPTIMAL,15.402,3.253000002587214,Optimal,15.401721907441553,23.00408299197443,True,True,True,0.9,4,91008
False,True,6,INFEASIBLE,0.0,0.10370899690315127,Infeasible,0.0,19.705082988366485,False,False,False,0.9,4,91009
True,True,4,OPTIMAL,10.604,2.35987501218915,Optimal,10.603618083358128,21.391874994151294,True,True,True,0.9,4,91010
True,True,2,OPTIMAL,29.415,2.4232499999925494,Optimal,29.4133045033727,21.23708400176838,True,True,True,0.9,4,91011
True,True,3,INFEASIBLE,0.0,0.1252919901162386,Infeasible,0.0,20.939792011631653,False,False,False,0.9,4,91012
True,True,3,OPTIMAL,19.606,2.594167017377913,Optimal,19.607069104833943,23.482459015212953,True,True,True,0.9,4,91013
True,True,2,INFEASIBLE,0.0,0.42295799357816577,Infeasible,0.0,19.67691702884622,False,False,False,0.9,4,91014
True,True,4,INFEASIBLE,0.0,0.12770900502800941,Infeasible,0.0,19.19541700044647,False,False,False,0.9,4,91015
True,True,5,INFEASIBLE,0.0,0.10454197763465345,Infeasible,0.0,19.84204098698683,False,False,False,0.9,4,91016
True,True,5,INFEASIBLE,0.0,0.1148340234067291,Infeasible,0.0,19.475458015222102,False,False,False,0.9,4,91017
True,True,3,INFEASIBLE,0.0,0.3993749851360917,Infeasible,0.0,19.77283399901353,False,False,False,0.9,4,91018
True,True,4,OPTIMAL,-3.808,2.591041993582621,Optimal,-3.808485898479809,22.662458999548107,True,True,True,0.9,4,91019
True,True,6,INFEASIBLE,0.0,0.1351670071016997,Infeasible,0.0,19.46829099324532,False,False,False,0.9,4,91020
True,True,5,OPTIMAL,-6.599,2.3737500014249235,Optimal,-6.599695272442976,21.096999989822507,True,True,True,0.9,4,91021
True,True,5,INFEASIBLE,0.0,0.1146250288002193,Infeasible,0.0,19.67554201837629,False,False,False,0.9,4,91022
False,True,6,INFEASIBLE,0.0,0.10016700252890587,Infeasible,0.0,19.860667001921684,False,False,False,0.9,4,91023
True,True,2,OPTIMAL,34.465,3.2772500126156956,Optimal,34.464337631683804,22.079709015088156,True,True,True,0.9,4,91024
True,True,3,INFEASIBLE,0.0,0.14520902186632156,Infeasible,0.0,20.660624984884635,False,False,False,0.9,4,91025
True,True,3,INFEASIBLE,0.0,0.2055420191027224,Infeasible,0.0,20.498333004070446,False,False,False,0.9,4,91026
True,True,3,OPTIMAL,9.701,2.3910420131869614,Optimal,9.70080808093237,22.96891700825654,True,True,True,0.9,4,91027
True,True,3,INFEASIBLE,0.0,0.1689589989837259,Infeasible,0.0,24.016084003960714,False,False,False,0.9,4,91028
False,True,7,INFEASIBLE,0.0,0.13658299576491117,Infeasible,0.0,27.473750000353903,False,False,False,0.9,4,91029
True,True,6,OPTIMAL,16.59,3.065667027840391,Optimal,16.59013810613554,30.377666000276804,True,True,True,0.9,4,91030
True,True,3,INFEASIBLE,0.0,0.18666600226424634,Infeasible,0.0,42.7280830044765,False,False,False,0.9,4,91031
True,True,3,OPTIMAL,16.239,7.509250019211322,Optimal,16.2394395032819,26.64650001679547,True,True,True,0.9,4,91032
True,True,5,INFEASIBLE,0.0,0.13066700194031,Infeasible,0.0,19.813999999314547,False,False,False,0.9,4,91033
True,True,3,OPTIMAL,3.582,3.2679589930921793,Optimal,3.582032060151272,21.269415999995545,True,True,True,0.9,4,91034
True,True,4,INFEASIBLE,0.0,0.20616600522771478,Infeasible,0.0,20.035124995047227,False,False,False,0.9,4,91035
True,True,3,OPTIMAL,12.420000000000002,2.4072919914033264,Optimal,12.420646398667538,21.673499984899536,True,True,True,0.9,4,91036
True,True,6,INFEASIBLE,0.0,0.12620800407603383,Infeasible,0.0,19.83554198523052,False,False,False,0.9,4,91037
True,True,3,OPTIMAL,0.964,3.0889159825164825,Optimal,0.9643095372173094,24.618916009785607,True,True,True,0.9,4,91038
True,True,5,INFEASIBLE,0.0,0.12579199392348528,Infeasible,0.0,21.370125003159046,False,False,False,0.9,4,91039
False,True,6,INFEASIBLE,0.0,0.094832998001948,Infeasible,0.0,20.26933300658129,False,False,False,0.9,4,91040
True,True,4,INFEASIBLE,0.0,0.11249998351559043,Infeasible,0.0,20.001249999040738,False,False,False,0.9,4,91041
True,True,3,INFEASIBLE,0.0,0.18187498790211976,Infeasible,0.0,19.967875006841496,False,False,False,0.9,4,91042
False,True,7,INFEASIBLE,0.0,0.1024999946821481,Infeasible,0.0,19.845707982312888,False,False,False,0.9,4,91043
True,True,3,INFEASIBLE,0.0,0.14791599824093282,Infeasible,0.0,21.56216697767377,False,False,False,0.9,4,91044
True,True,4,INFEASIBLE,0.0,0.170832994626835,Infeasible,0.0,20.086165983229876,False,False,False,0.9,4,91045
True,True,6,INFEASIBLE,0.0,0.09741599205881357,Infeasible,0.0,19.99070798046887,False,False,False,0.9,4,91046
False,True,7,INFEASIBLE,0.0,0.11387499398551881,Infeasible,0.0,20.426917006261647,False,False,False,0.9,4,91047
True,True,6,INFEASIBLE,0.0,0.11070800246670842,Infeasible,0.0,20.167999988188967,False,False,False,0.9,4,91048
False,True,6,INFEASIBLE,0.0,0.10529198334552348,Infeasible,0.0,21.81704100803472,False,False,False,0.9,4,91049
True,True,3,INFEASIBLE,0.0,0.14570800703950226,Infeasible,0.0,20.375416992465034,False,False,False,1.0,4,101000
True,True,6,OPTIMAL,0.666,2.2555420000571758,Optimal,0.6659184180724633,21.704125014366582,True,True,True,1.0,4,101001
True,True,3,INFEASIBLE,0.0,0.1446670212317258,Infeasible,0.0,19.531750003807247,False,False,False,1.0,4,101002
True,True,5,INFEASIBLE,0.0,0.13100000796839595,Infeasible,0.0,19.725165999261662,False,False,False,1.0,4,101003
True,True,4,INFEASIBLE,0.0,0.15679202624596655,Infeasible,0.0,20.02770800027065,False,False,False,1.0,4,101004
True,True,3,INFEASIBLE,0.0,0.1507079869043082,Infeasible,0.0,19.782250019488856,False,False,False,1.0,4,101005
True,True,5,OPTIMAL,-1.065,2.4808749731164426,Optimal,-1.0647250108341615,21.31541699054651,True,True,True,1.0,4,101006
True,True,5,INFEASIBLE,0.0,0.11441600508987904,Infeasible,0.0,20.20945801632479,False,False,False,1.0,4,101007
True,True,5,INFEASIBLE,0.0,0.11504199937917292,Infeasible,0.0,22.21558298333548,False,False,False,1.0,4,101008
True,True,4,OPTIMAL,-0.776,2.2200829989742488,Optimal,-0.7760951236893592,21.187083009863272,True,True,True,1.0,4,101009
True,True,2,INFEASIBLE,0.0,0.6829169869888574,Infeasible,0.0,20.611332991393283,False,False,False,1.0,4,101010
True,True,6,INFEASIBLE,0.0,0.10725000174716115,Infeasible,0.0,19.33654199820012,False,False,False,1.0,4,101011
False,True,5,INFEASIBLE,0.0,0.09541597682982683,Infeasible,0.0,19.309583003632724,False,False,False,1.0,4,101012
True,True,6,INFEASIBLE,0.0,0.09983300697058439,Infeasible,0.0,20.18708299146965,False,False,False,1.0,4,101013
True,True,6,INFEASIBLE,0.0,0.09304200648330152,Infeasible,0.0,19.735624984605238,False,False,False,1.0,4,101014
True,True,4,OPTIMAL,14.884,2.7542500174604356,Optimal,14.883914705763551,22.02479200786911,True,True,True,1.0,4,101015
True,True,4,INFEASIBLE,0.0,0.13604198466055095,Infeasible,0.0,19.763958000112325,False,False,False,1.0,4,101016
True,True,6,INFEASIBLE,0.0,0.0931659888010472,Infeasible,0.0,20.273583009839058,False,False,False,1.0,4,101017
True,True,3,OPTIMAL,14.836,3.1586250115651637,Optimal,14.83503324164341,22.92049999232404,True,True,True,1.0,4,101018
True,True,5,INFEASIBLE,0.0,0.15329101006500423,Infeasible,0.0,20.182958018267527,False,False,False,1.0,4,101019
True,True,4,INFEASIBLE,0.0,0.15616699238307774,Infeasible,0.0,20.25858298293315,False,False,False,1.0,4,101020
True,True,4,INFEASIBLE,0.0,0.145500001963228,Infeasible,0.0,22.91062500444241,False,False,False,1.0,4,101021
True,True,4,INFEASIBLE,0.0,0.1219160039909184,Infeasible,0.0,21.825250005349517,False,False,False,1.0,4,101022
True,True,1,INFEASIBLE,0.0,0.4164579731877893,Infeasible,0.0,39.38954201294109,False,False,False,1.0,4,101023
False,True,6,INFEASIBLE,0.0,0.12149999383836985,Infeasible,0.0,34.9404169828631,False,False,False,1.0,4,101024
True,True,4,INFEASIBLE,0.0,0.20791697897948325,Infeasible,0.0,21.88641601242125,False,False,False,1.0,4,101025
True,True,6,INFEASIBLE,0.0,0.1034580054692924,Infeasible,0.0,19.15612499578856,False,False,False,1.0,4,101026
True,True,4,INFEASIBLE,0.0,0.17204097821377218,Infeasible,0.0,19.55479200114496,False,False,False,1.0,4,101027
True,True,6,OPTIMAL,8.113,2.4160419998224825,Optimal,8.113270353814949,20.81204199930653,True,True,True,1.0,4,101028
True,True,3,INFEASIBLE,0.0,0.1250829955097288,Infeasible,0.0,19.53204200253822,False,False,False,1.0,4,101029
False,True,7,INFEASIBLE,0.0,0.11245801579207182,Infeasible,0.0,20.11779200984165,False,False,False,1.0,4,101030
True,True,2,OPTIMAL,-0.515,3.4185420081485063,Optimal,-0.5159624235756057,25.239500013412908,True,True,True,1.0,4,101031
True,True,6,INFEASIBLE,0.0,0.10204198770225048,Infeasible,0.0,19.324167020386085,False,False,False,1.0,4,101032
True,True,4,INFEASIBLE,0.0,0.12208399130031466,Infeasible,0.0,19.49800000875257,False,False,False,1.0,4,101033
True,True,4,INFEASIBLE,0.0,0.13816700084134936,Infeasible,0.0,20.698291016742587,False,False,False,1.0,4,101034
True,True,5,OPTIMAL,7.033,2.1438749972730875,Optimal,7.032685310939081,20.57787499506958,True,True,True,1.0,4,101035
True,True,5,INFEASIBLE,0.0,0.11004201951436698,Infeasible,0.0,19.63237501331605,False,False,False,1.0,4,101036
True,True,5,INFEASIBLE,0.0,0.11387499398551881,Infeasible,0.0,19.864916015649214,False,False,False,1.0,4,101037
False,True,6,INFEASIBLE,0.0,0.09612500434741378,Infeasible,0.0,19.353957992279902,False,False,False,1.0,4,101038
True,True,4,INFEASIBLE,0.0,0.1392920094076544,Infeasible,0.0,20.270249980967492,False,False,False,1.0,4,101039
True,True,6,INFEASIBLE,0.0,0.10929201380349696,Infeasible,0.0,19.570959004340693,False,False,False,1.0,4,101040
False,True,6,INFEASIBLE,0.0,0.09324998245574534,Infeasible,0.0,19.428957981290296,False,False,False,1.0,4,101041
True,True,5,INFEASIBLE,0.0,0.113667018013075,Infeasible,0.0,20.310374995460734,False,False,False,1.0,4,101042
True,True,4,INFEASIBLE,0.0,0.12941600289195776,Infeasible,0.0,19.367750006495044,False,False,False,1.0,4,101043
True,True,6,INFEASIBLE,0.0,0.10370800737291574,Infeasible,0.0,19.407041982049122,False,False,False,1.0,4,101044
True,True,4,OPTIMAL,3.301,2.6301670004613698,Optimal,3.3003851753350117,20.92904201708734,True,True,True,1.0,4,101045
True,True,2,OPTIMAL,3.077,2.7520000003278255,Optimal,3.076557366967964,23.421166988555342,True,True,True,1.0,4,101046
True,True,5,INFEASIBLE,0.0,0.12579199392348528,Infeasible,0.0,19.240875000832602,False,False,False,1.0,4,101047
True,True,5,INFEASIBLE,0.0,0.12070802040398121,Infeasible,0.0,19.217124994611368,False,False,False,1.0,4,101048
False,True,7,INFEASIBLE,0.0,0.11487500160001218,Infeasible,0.0,20.26983301038854,False,False,False,1.0,4,101049
